-- MySQL dump 10.13  Distrib 5.7.37, for Linux (x86_64)
--
-- Host: localhost    Database: snakeladder_db
-- ------------------------------------------------------
-- Server version	5.7.37-0ubuntu0.18.04.1

/*!40101 SET @OLD_CHARACTER_SET_CLIENT=@@CHARACTER_SET_CLIENT */;
/*!40101 SET @OLD_CHARACTER_SET_RESULTS=@@CHARACTER_SET_RESULTS */;
/*!40101 SET @OLD_COLLATION_CONNECTION=@@COLLATION_CONNECTION */;
/*!40101 SET NAMES utf8 */;
/*!40103 SET @OLD_TIME_ZONE=@@TIME_ZONE */;
/*!40103 SET TIME_ZONE='+00:00' */;
/*!40014 SET @OLD_UNIQUE_CHECKS=@@UNIQUE_CHECKS, UNIQUE_CHECKS=0 */;
/*!40014 SET @OLD_FOREIGN_KEY_CHECKS=@@FOREIGN_KEY_CHECKS, FOREIGN_KEY_CHECKS=0 */;
/*!40101 SET @OLD_SQL_MODE=@@SQL_MODE, SQL_MODE='NO_AUTO_VALUE_ON_ZERO' */;
/*!40111 SET @OLD_SQL_NOTES=@@SQL_NOTES, SQL_NOTES=0 */;

--
-- Dumping data for table `acc_or_deaccelerator`
--

LOCK TABLES `acc_or_deaccelerator` WRITE;
/*!40000 ALTER TABLE `acc_or_deaccelerator` DISABLE KEYS */;
INSERT INTO `acc_or_deaccelerator` VALUES (1,1,41,99),(2,0,92,74),(3,1,53,89),(4,0,81,62),(5,1,58,76),(6,0,69,50),(7,1,45,66),(8,0,63,42),(9,1,31,54),(10,1,18,43),(11,0,46,13),(12,0,49,33),(13,1,3,40),(14,1,5,27),(15,0,25,4);
/*!40000 ALTER TABLE `acc_or_deaccelerator` ENABLE KEYS */;
UNLOCK TABLES;

--
-- Dumping data for table `board`
--

LOCK TABLES `board` WRITE;
/*!40000 ALTER TABLE `board` DISABLE KEYS */;
INSERT INTO `board` VALUES (1,'First Board',100,1);
/*!40000 ALTER TABLE `board` ENABLE KEYS */;
UNLOCK TABLES;

--
-- Dumping data for table `board_acc_or_deacc`
--

LOCK TABLES `board_acc_or_deacc` WRITE;
/*!40000 ALTER TABLE `board_acc_or_deacc` DISABLE KEYS */;
INSERT INTO `board_acc_or_deacc` VALUES (1,14),(1,8),(1,5),(1,12),(1,6),(1,2),(1,9),(1,4),(1,13),(1,7),(1,1),(1,10),(1,11),(1,15),(1,3);
/*!40000 ALTER TABLE `board_acc_or_deacc` ENABLE KEYS */;
UNLOCK TABLES;

--
-- Dumping data for table `game`
--

LOCK TABLES `game` WRITE;
/*!40000 ALTER TABLE `game` DISABLE KEYS */;
INSERT INTO `game` VALUES ('ab907cf8-8868-4279-a9d1-6dba2d8b1452','e01ead2b-0a6f-42e7-a5e0-bef0ce6b8c71',2),('0e992924-615c-438a-a061-36d2cf2dbbec','e01ead2b-0a6f-42e7-a5e0-bef0ce6b8c71',2);
/*!40000 ALTER TABLE `game` ENABLE KEYS */;
UNLOCK TABLES;

--
-- Dumping data for table `game_acc_or_deacclerator`
--

LOCK TABLES `game_acc_or_deacclerator` WRITE;
/*!40000 ALTER TABLE `game_acc_or_deacclerator` DISABLE KEYS */;
INSERT INTO `game_acc_or_deacclerator` VALUES ('a18d0fc6-cf69-4a39-83d6-10b2a5bad3ef',6,'ab907cf8-8868-4279-a9d1-6dba2d8b1452'),('c553a384-e353-4746-9a80-6be7c0d8bf78',1,'ab907cf8-8868-4279-a9d1-6dba2d8b1452'),('74a195be-762b-48da-b877-8ce654e5f7fe',3,'ab907cf8-8868-4279-a9d1-6dba2d8b1452'),('3957898b-7f9f-45ae-8ea1-0cf30d03f5af',7,'ab907cf8-8868-4279-a9d1-6dba2d8b1452'),('b686948d-e277-4b0f-a3e6-968427a52b61',2,'ab907cf8-8868-4279-a9d1-6dba2d8b1452'),('138a2602-8a02-4bf7-9b2b-7aae4b925f2f',14,'ab907cf8-8868-4279-a9d1-6dba2d8b1452'),('efaa1190-34eb-4c3b-943f-559df9fe4228',4,'ab907cf8-8868-4279-a9d1-6dba2d8b1452'),('10c28df7-4d43-4268-9dd1-83667f5fac45',2,'ab907cf8-8868-4279-a9d1-6dba2d8b1452'),('1f684eca-5ec2-4667-bec4-62f97a4b6fe5',15,'ab907cf8-8868-4279-a9d1-6dba2d8b1452'),('6ddbbcb7-bbcb-419e-aef9-7a621e41e57c',14,'ab907cf8-8868-4279-a9d1-6dba2d8b1452'),('14527926-c1f3-41a5-909d-2fb4d9c95e4f',4,'ab907cf8-8868-4279-a9d1-6dba2d8b1452'),('2267bf2e-83b4-4adb-9c37-c2a609f09a33',1,'ab907cf8-8868-4279-a9d1-6dba2d8b1452'),('1e5d1467-a958-40da-8445-668b34137003',4,'ab907cf8-8868-4279-a9d1-6dba2d8b1452'),('cc84ca1e-e93a-4ed5-80f3-c29eb2e8801b',1,'ab907cf8-8868-4279-a9d1-6dba2d8b1452'),('4326e9fc-b569-4b16-b9fa-3f28b0b57c12',3,'ab907cf8-8868-4279-a9d1-6dba2d8b1452'),('610e07fb-33c9-4e57-af02-c00260b490fd',7,'ab907cf8-8868-4279-a9d1-6dba2d8b1452'),('c501e57f-8dc3-4760-929f-3dd7bf1a82da',5,'ab907cf8-8868-4279-a9d1-6dba2d8b1452'),('3adef0d0-12e5-440e-9502-388bf8527cba',12,'ab907cf8-8868-4279-a9d1-6dba2d8b1452'),('b54e7513-932c-458e-84e8-fdd051b47c54',13,'ab907cf8-8868-4279-a9d1-6dba2d8b1452'),('61c387c4-61f5-4a1f-9700-3c95848352d6',11,'ab907cf8-8868-4279-a9d1-6dba2d8b1452'),('92db37e9-6ec7-4bb6-88dc-7be11cdaeb7c',5,'ab907cf8-8868-4279-a9d1-6dba2d8b1452'),('8b15b1a5-9dfb-4011-a290-5a3e56839a25',7,'ab907cf8-8868-4279-a9d1-6dba2d8b1452'),('f7e7ff42-1e42-4101-9a8d-28ec18474dee',14,'0e992924-615c-438a-a061-36d2cf2dbbec'),('d08de929-d1e0-45fc-baa1-3975bd4116b6',15,'0e992924-615c-438a-a061-36d2cf2dbbec'),('a433e298-61c4-4425-8bd5-456e5902d038',2,'0e992924-615c-438a-a061-36d2cf2dbbec'),('b98acda4-774a-4d16-b1b3-f1efa834094f',11,'0e992924-615c-438a-a061-36d2cf2dbbec'),('9e833c85-7212-4952-9346-9100468269fc',2,'0e992924-615c-438a-a061-36d2cf2dbbec');
/*!40000 ALTER TABLE `game_acc_or_deacclerator` ENABLE KEYS */;
UNLOCK TABLES;

--
-- Dumping data for table `player`
--

LOCK TABLES `player` WRITE;
/*!40000 ALTER TABLE `player` DISABLE KEYS */;
INSERT INTO `player` VALUES (1,'def@xyz@ai','def'),(2,'abc@xyz@ai','abc');
/*!40000 ALTER TABLE `player` ENABLE KEYS */;
UNLOCK TABLES;

--
-- Dumping data for table `position`
--

LOCK TABLES `position` WRITE;
/*!40000 ALTER TABLE `position` DISABLE KEYS */;
INSERT INTO `position` VALUES (1,1),(2,2),(3,3),(4,4),(5,5),(6,6),(7,7),(8,8),(9,9),(10,10),(11,11),(12,12),(13,13),(14,14),(15,15),(16,16),(17,17),(18,18),(19,19),(20,20),(21,21),(22,22),(23,23),(24,24),(25,25),(26,26),(27,27),(28,28),(29,29),(30,30),(31,31),(32,32),(33,33),(34,34),(35,35),(36,36),(37,37),(38,38),(39,39),(40,40),(41,41),(42,42),(43,43),(44,44),(45,45),(46,46),(47,47),(48,48),(49,49),(50,50),(51,51),(52,52),(53,53),(54,54),(55,55),(56,56),(57,57),(58,58),(59,59),(60,60),(61,61),(62,62),(63,63),(64,64),(65,65),(66,66),(67,67),(68,68),(69,69),(70,70),(71,71),(72,72),(73,73),(74,74),(75,75),(76,76),(77,77),(78,78),(79,79),(80,80),(81,81),(82,82),(83,83),(84,84),(85,85),(86,86),(87,87),(88,88),(89,89),(90,90),(91,91),(92,92),(93,93),(94,94),(95,95),(96,96),(97,97),(98,98),(99,99),(100,100);
/*!40000 ALTER TABLE `position` ENABLE KEYS */;
UNLOCK TABLES;

--
-- Dumping data for table `roll`
--

LOCK TABLES `roll` WRITE;
/*!40000 ALTER TABLE `roll` DISABLE KEYS */;
INSERT INTO `roll` VALUES ('adcb3f0f-dc65-48e6-a4f5-d88f7f60be50',4,2,'ab907cf8-8868-4279-a9d1-6dba2d8b1452',NULL),('7bf1f038-89d1-405f-8fab-15b222c77425',4,1,'ab907cf8-8868-4279-a9d1-6dba2d8b1452',0),('71af63a4-f852-4c51-b327-a5bb08a9050d',4,1,'ab907cf8-8868-4279-a9d1-6dba2d8b1452',NULL),('76893927-39a3-4468-b42e-f1dd70446f32',2,1,'ab907cf8-8868-4279-a9d1-6dba2d8b1452',1),('7f74d5c4-2ab2-4045-b59c-6103a41fea74',2,1,'ab907cf8-8868-4279-a9d1-6dba2d8b1452',NULL),('9669bdeb-44dc-4361-86f1-1bfdc1f6f469',4,3,'ab907cf8-8868-4279-a9d1-6dba2d8b1452',NULL),('058e928b-5e12-4a8d-b3a3-90c24dcacf13',1,1,'ab907cf8-8868-4279-a9d1-6dba2d8b1452',NULL),('6cef951c-bc59-40a6-b54a-02acbd916b0c',4,1,'ab907cf8-8868-4279-a9d1-6dba2d8b1452',0),('6b358019-bb5e-41f4-80ff-0c37f98fa5d7',4,1,'ab907cf8-8868-4279-a9d1-6dba2d8b1452',NULL),('67d446a6-8e66-4fe9-a0d5-2469998f5f03',2,1,'ab907cf8-8868-4279-a9d1-6dba2d8b1452',1),('1388cc82-82fd-4649-a8c3-93ac24432013',1,1,'ab907cf8-8868-4279-a9d1-6dba2d8b1452',NULL),('b6df5d40-17de-42a9-8e8b-8fb6d7a259cc',4,1,'ab907cf8-8868-4279-a9d1-6dba2d8b1452',NULL),('5c89d10e-01df-4ceb-87ac-ba4ad90b9a64',1,1,'ab907cf8-8868-4279-a9d1-6dba2d8b1452',NULL),('3058f961-2853-4c37-b856-ef65bdfa8537',5,1,'ab907cf8-8868-4279-a9d1-6dba2d8b1452',NULL),('93841e57-dbe3-43d9-a9c3-d8313ef125bd',3,1,'ab907cf8-8868-4279-a9d1-6dba2d8b1452',0),('1b528347-416a-47d9-acfe-a30e649c8d1f',1,1,'ab907cf8-8868-4279-a9d1-6dba2d8b1452',NULL),('e9a764c8-ad74-49a5-9095-d40db5d9f9a1',3,1,'ab907cf8-8868-4279-a9d1-6dba2d8b1452',0),('238bd10a-8ab3-4e76-9151-b569a167a257',1,1,'ab907cf8-8868-4279-a9d1-6dba2d8b1452',NULL),('f6072d97-56b9-48d9-8c74-4d5e1e65d581',4,1,'ab907cf8-8868-4279-a9d1-6dba2d8b1452',0),('9831e669-775f-49a2-ac15-7898933d810c',5,1,'ab907cf8-8868-4279-a9d1-6dba2d8b1452',NULL),('4e7d2245-84b9-4ad4-b830-c765cb5b752e',3,1,'ab907cf8-8868-4279-a9d1-6dba2d8b1452',0),('a1e02a2c-d733-4587-b0a8-0d2bb17eac86',5,3,'ab907cf8-8868-4279-a9d1-6dba2d8b1452',0),('7b3aa854-ccea-4bc4-9d7d-bb710f4081fb',3,1,'ab907cf8-8868-4279-a9d1-6dba2d8b1452',0),('9ded85d3-255d-4126-8f5f-a032a29bc909',2,1,'ab907cf8-8868-4279-a9d1-6dba2d8b1452',1),('0b4df0b6-4a49-4d5f-a0da-2cd4d7535577',5,1,'ab907cf8-8868-4279-a9d1-6dba2d8b1452',NULL),('00a11edc-493f-44f9-8737-779e84550e9d',3,1,'ab907cf8-8868-4279-a9d1-6dba2d8b1452',NULL),('a3752d8d-9655-48a0-b7ff-2dfd07d2c2b6',4,1,'ab907cf8-8868-4279-a9d1-6dba2d8b1452',0),('53584113-0284-4279-8a44-7ec843c0116b',1,2,'ab907cf8-8868-4279-a9d1-6dba2d8b1452',0),('b9141902-764f-49a7-9656-2fb4c2806304',2,1,'ab907cf8-8868-4279-a9d1-6dba2d8b1452',1),('66e8f53e-cb85-4554-8caf-66cc12e8c816',4,1,'ab907cf8-8868-4279-a9d1-6dba2d8b1452',0),('7863014d-360e-473f-a4e1-5965879ac66d',1,1,'ab907cf8-8868-4279-a9d1-6dba2d8b1452',NULL),('a18816a8-e7fe-477f-8acb-75ee044ac08a',1,1,'ab907cf8-8868-4279-a9d1-6dba2d8b1452',NULL),('b3f1eeea-9161-4f52-b537-668c0ae2c8de',3,2,'ab907cf8-8868-4279-a9d1-6dba2d8b1452',0),('94c99ee0-7484-443f-a0f0-64993840038f',3,1,'ab907cf8-8868-4279-a9d1-6dba2d8b1452',NULL),('66f3d12a-414f-45bb-b62c-2791837a533a',3,1,'ab907cf8-8868-4279-a9d1-6dba2d8b1452',NULL),('66d31eb0-e08b-43e0-a646-1f0ae229474f',4,2,'ab907cf8-8868-4279-a9d1-6dba2d8b1452',NULL),('e15eba3d-05f9-44ac-8508-117bc802901f',4,1,'ab907cf8-8868-4279-a9d1-6dba2d8b1452',0),('2edd68d5-23e2-4f8f-bfc8-fb3f85b463e7',3,1,'ab907cf8-8868-4279-a9d1-6dba2d8b1452',NULL),('c9c3f97d-12ea-4f8c-9bf5-63b59eff60fc',4,1,'ab907cf8-8868-4279-a9d1-6dba2d8b1452',NULL),('4550a9e8-bacd-433c-ba2d-f874151d351c',5,1,'ab907cf8-8868-4279-a9d1-6dba2d8b1452',0),('ab9609ed-7dd1-4063-8ece-b822bac89e88',3,1,'ab907cf8-8868-4279-a9d1-6dba2d8b1452',0),('7828855a-0c47-4358-8b97-808fed8ddda1',4,1,'ab907cf8-8868-4279-a9d1-6dba2d8b1452',NULL),('6d7ea2dc-02ff-4845-8959-7fb3a0d87e7e',2,1,'ab907cf8-8868-4279-a9d1-6dba2d8b1452',0),('2f346690-e3fa-4eff-889c-e4adf5589bec',2,2,'ab907cf8-8868-4279-a9d1-6dba2d8b1452',NULL),('dd96b831-301e-4dd8-867d-5693369ad6fa',5,2,'ab907cf8-8868-4279-a9d1-6dba2d8b1452',NULL),('0db82ae7-80ce-427d-b0eb-3fe2e55c3c1a',3,2,'ab907cf8-8868-4279-a9d1-6dba2d8b1452',NULL),('387f71df-3712-43ea-a9d5-a5e4eeae7c87',3,1,'ab907cf8-8868-4279-a9d1-6dba2d8b1452',NULL),('b39ba6e7-5bbd-46b7-b1b4-f59d5abaa00f',4,1,'ab907cf8-8868-4279-a9d1-6dba2d8b1452',1),('75598ecb-a13c-42c1-a4c4-b2cea80387d5',4,1,'ab907cf8-8868-4279-a9d1-6dba2d8b1452',0),('94508ef0-9120-4ae9-8f81-fd47d131555f',5,1,'ab907cf8-8868-4279-a9d1-6dba2d8b1452',NULL),('dd0228e0-c22f-405c-9bde-a9a7b875efad',2,1,'ab907cf8-8868-4279-a9d1-6dba2d8b1452',1),('e22f7883-3c12-4486-be12-f99e3532864a',1,1,'ab907cf8-8868-4279-a9d1-6dba2d8b1452',NULL),('b52884c4-8362-4bc5-9ad7-f188703952a4',4,3,'ab907cf8-8868-4279-a9d1-6dba2d8b1452',NULL),('a054dc39-5daa-48d1-a2b3-269917267a27',1,1,'ab907cf8-8868-4279-a9d1-6dba2d8b1452',NULL),('b0b36e7e-eea5-4a41-86aa-e20f6918291f',3,1,'ab907cf8-8868-4279-a9d1-6dba2d8b1452',NULL),('f66127a8-5f4d-4335-9f6b-6624585121d5',2,3,'ab907cf8-8868-4279-a9d1-6dba2d8b1452',0),('4a996005-d52d-4c51-829a-d3a9813de0ab',3,1,'ab907cf8-8868-4279-a9d1-6dba2d8b1452',NULL),('ac69c638-254f-4884-bf7a-ed86ef74f3ef',2,1,'ab907cf8-8868-4279-a9d1-6dba2d8b1452',NULL),('d67a558b-81c9-4794-ab4d-2b435a2ecea0',5,1,'ab907cf8-8868-4279-a9d1-6dba2d8b1452',0),('196b75db-45d6-424b-b98b-eb13b60ed8f7',1,1,'ab907cf8-8868-4279-a9d1-6dba2d8b1452',NULL),('5b275859-c678-4457-b5ae-822b162e7cb5',3,1,'ab907cf8-8868-4279-a9d1-6dba2d8b1452',NULL),('54414326-8a79-4e2b-a988-2e86f1f0f343',3,1,'ab907cf8-8868-4279-a9d1-6dba2d8b1452',0),('18398b14-dee6-4316-80c3-ab30033eace1',1,1,'ab907cf8-8868-4279-a9d1-6dba2d8b1452',NULL),('cf96695b-422b-44d1-b81c-e7b40f431573',2,1,'ab907cf8-8868-4279-a9d1-6dba2d8b1452',1),('94f43868-79de-48b2-9dac-9406cbb298c3',1,1,'ab907cf8-8868-4279-a9d1-6dba2d8b1452',NULL),('6021c60c-3e9d-45b8-974d-3ecc5850581d',4,3,'ab907cf8-8868-4279-a9d1-6dba2d8b1452',NULL),('b9acea4c-2141-4d9d-9662-9de4ba4f7ac1',1,3,'ab907cf8-8868-4279-a9d1-6dba2d8b1452',NULL),('877edd4c-0942-4ccd-971b-a4b457bbaf3c',1,1,'ab907cf8-8868-4279-a9d1-6dba2d8b1452',NULL),('31cf91f8-5168-46ae-bfe5-acdac7d207ab',1,1,'ab907cf8-8868-4279-a9d1-6dba2d8b1452',0),('8a6a49e8-03c1-4f11-9e0d-35d25525abfd',5,1,'ab907cf8-8868-4279-a9d1-6dba2d8b1452',0),('2b517105-abc3-4f98-a9fa-01b4197242eb',4,1,'ab907cf8-8868-4279-a9d1-6dba2d8b1452',0),('ce35474c-56a9-4b8f-93e2-4ff458ad7cac',1,1,'ab907cf8-8868-4279-a9d1-6dba2d8b1452',1),('411b836a-c476-46fd-b467-4d2af7e3a72a',3,1,'ab907cf8-8868-4279-a9d1-6dba2d8b1452',NULL),('28a25932-5bab-4d65-aa62-96b95a046e62',5,1,'ab907cf8-8868-4279-a9d1-6dba2d8b1452',NULL),('5b424b6e-9f78-46ce-acb2-e86750906faa',4,1,'ab907cf8-8868-4279-a9d1-6dba2d8b1452',0),('674c96df-0f8d-4671-96db-f033218c246d',1,1,'ab907cf8-8868-4279-a9d1-6dba2d8b1452',0),('1dab697d-94e2-4ee5-9c31-6d158fa88fcb',3,2,'ab907cf8-8868-4279-a9d1-6dba2d8b1452',NULL),('a8095fc9-9cfa-4350-bbc8-9978fcd48886',1,1,'ab907cf8-8868-4279-a9d1-6dba2d8b1452',0),('cbf560dc-f26a-475c-9197-61a3de4429ef',3,1,'ab907cf8-8868-4279-a9d1-6dba2d8b1452',NULL),('ae34f3bb-ee11-41a2-a20a-450526249e79',3,1,'ab907cf8-8868-4279-a9d1-6dba2d8b1452',0),('8bd24992-b913-4f9c-b7a5-76eedc15dde4',5,1,'ab907cf8-8868-4279-a9d1-6dba2d8b1452',NULL),('ca61babd-5448-4132-9032-d84465ee1b54',5,1,'ab907cf8-8868-4279-a9d1-6dba2d8b1452',NULL),('6453af04-278e-4344-9c7f-c82ee68320db',1,1,'ab907cf8-8868-4279-a9d1-6dba2d8b1452',1),('4bfb2ff2-0b00-4889-9b3d-f071c7c5d0a9',3,1,'ab907cf8-8868-4279-a9d1-6dba2d8b1452',1),('6a5767de-1bba-4e7f-bf63-de620bc070ed',4,3,'ab907cf8-8868-4279-a9d1-6dba2d8b1452',NULL),('3d2cc70b-4322-4f81-9cbb-b5f851c3c22e',4,1,'ab907cf8-8868-4279-a9d1-6dba2d8b1452',0),('08662512-4067-48da-97c2-8cb9e555f4ee',1,1,'ab907cf8-8868-4279-a9d1-6dba2d8b1452',NULL),('20cc58c5-6f65-472b-8658-6c6cd7bda279',1,1,'ab907cf8-8868-4279-a9d1-6dba2d8b1452',NULL),('0c5435a0-29bf-43a2-b3fd-549e62ea4eb3',2,1,'ab907cf8-8868-4279-a9d1-6dba2d8b1452',NULL),('f2de8bfa-d362-4b2c-963e-4f4c6dab713b',1,2,'ab907cf8-8868-4279-a9d1-6dba2d8b1452',1),('1c68e987-05ca-4f9b-b076-54c1901e8db8',1,1,'ab907cf8-8868-4279-a9d1-6dba2d8b1452',NULL),('b22aedab-5c9f-4cf1-a6d6-aeb1e4676da0',4,2,'ab907cf8-8868-4279-a9d1-6dba2d8b1452',NULL),('2c42d1d8-75b1-4bda-bf40-5f2ed80d95aa',2,1,'ab907cf8-8868-4279-a9d1-6dba2d8b1452',NULL),('b4c321b8-456d-4330-9f0c-00072e47571c',2,1,'ab907cf8-8868-4279-a9d1-6dba2d8b1452',0),('9231db59-9649-4baf-9b85-c46c227fe9b9',3,1,'ab907cf8-8868-4279-a9d1-6dba2d8b1452',1),('1813b782-6675-482e-84bf-12b182099659',1,1,'ab907cf8-8868-4279-a9d1-6dba2d8b1452',1),('0678606e-9f5b-43ce-8f53-567711727506',1,1,'ab907cf8-8868-4279-a9d1-6dba2d8b1452',NULL),('fc9076e4-5365-47f6-a77f-e72ad685100d',5,2,'ab907cf8-8868-4279-a9d1-6dba2d8b1452',0),('c7328433-b500-403f-8829-8ae39dd678cb',5,1,'ab907cf8-8868-4279-a9d1-6dba2d8b1452',NULL),('7fd1e40c-1174-4fed-a39e-f36d2503f801',3,1,'ab907cf8-8868-4279-a9d1-6dba2d8b1452',NULL),('c7303934-caca-4410-8e8e-4d7fa7c1ba75',5,1,'ab907cf8-8868-4279-a9d1-6dba2d8b1452',0),('a313a224-3cda-47ca-9745-71ba3e052819',5,1,'ab907cf8-8868-4279-a9d1-6dba2d8b1452',0),('0773922b-6d97-4966-8982-9fd5368d21b5',2,1,'ab907cf8-8868-4279-a9d1-6dba2d8b1452',NULL),('26ec714a-7dc4-4b32-85d8-2bbaaf8e7736',5,1,'ab907cf8-8868-4279-a9d1-6dba2d8b1452',NULL),('d9d85b29-ce37-455a-a233-9b25d6295660',4,2,'ab907cf8-8868-4279-a9d1-6dba2d8b1452',0),('00a91fd8-d8a6-4fd5-9979-800e336b1526',1,1,'ab907cf8-8868-4279-a9d1-6dba2d8b1452',NULL),('37e6797e-7b11-4462-8340-3993ff779bdf',5,1,'ab907cf8-8868-4279-a9d1-6dba2d8b1452',NULL),('5d2f0ba9-06bd-4d03-941a-45328cfc552e',4,1,'ab907cf8-8868-4279-a9d1-6dba2d8b1452',0),('848235bb-bf8c-4f4e-ae26-1d250614ad47',1,1,'ab907cf8-8868-4279-a9d1-6dba2d8b1452',0),('85278a6d-2555-400e-82ab-e93ab9bf64ae',5,2,'ab907cf8-8868-4279-a9d1-6dba2d8b1452',NULL),('056115a4-5a13-4c68-a252-482390b720e4',5,1,'ab907cf8-8868-4279-a9d1-6dba2d8b1452',0),('0bfc035f-65b8-4f15-8160-1efaac0395f0',4,1,'ab907cf8-8868-4279-a9d1-6dba2d8b1452',NULL),('cdb22865-c1b0-4380-8e47-525e0937f05f',5,1,'ab907cf8-8868-4279-a9d1-6dba2d8b1452',NULL),('c0951301-ff3d-4f8b-98b4-5a100b77c51e',4,1,'ab907cf8-8868-4279-a9d1-6dba2d8b1452',0),('7edecb02-0686-416b-86db-de92ba6b3f14',5,1,'0e992924-615c-438a-a061-36d2cf2dbbec',NULL),('f6246252-2c8c-4f3c-a159-2791c0c7318b',1,1,'0e992924-615c-438a-a061-36d2cf2dbbec',NULL),('b4fe1d6e-4989-4815-99ca-e39e5bc30f27',4,2,'0e992924-615c-438a-a061-36d2cf2dbbec',NULL),('a8f33ccd-5627-4c33-9ac6-de4d42cff17b',3,1,'0e992924-615c-438a-a061-36d2cf2dbbec',0),('71a94f7b-bd17-4bb5-a8c6-1aaaa2e7b444',1,1,'0e992924-615c-438a-a061-36d2cf2dbbec',NULL),('4be936e5-da1d-43ab-a656-46c0ee49b271',2,1,'0e992924-615c-438a-a061-36d2cf2dbbec',1),('8548082b-d015-4866-9c6a-fd920ea69d04',3,2,'0e992924-615c-438a-a061-36d2cf2dbbec',0),('4f4b14b4-bcc2-4806-8575-b96f0a71fb2a',4,1,'0e992924-615c-438a-a061-36d2cf2dbbec',NULL),('5da02865-f71d-4f8e-b1da-7574401b2bfc',1,1,'0e992924-615c-438a-a061-36d2cf2dbbec',0),('e3ae5499-6c99-4989-a2aa-dffba6d5080b',4,1,'0e992924-615c-438a-a061-36d2cf2dbbec',0),('a57233b2-dcce-4233-9b33-2419b9373887',4,1,'0e992924-615c-438a-a061-36d2cf2dbbec',NULL),('f971729d-0c87-49cf-bbaf-e100906861e4',2,1,'0e992924-615c-438a-a061-36d2cf2dbbec',NULL),('3cf2bdef-2ce7-43df-a94f-59152a2e32c8',1,1,'0e992924-615c-438a-a061-36d2cf2dbbec',NULL),('aa907590-7873-4dde-aff6-abaa51aa5be2',5,1,'0e992924-615c-438a-a061-36d2cf2dbbec',0),('5e15fea3-ea31-44cf-8e71-5b2822f16e4e',5,1,'0e992924-615c-438a-a061-36d2cf2dbbec',NULL),('0a63daf5-6f74-4e7b-958f-be7ee8e3934f',5,1,'0e992924-615c-438a-a061-36d2cf2dbbec',NULL),('b9323dbb-a0cc-420b-8bef-704675dbd3c7',1,1,'0e992924-615c-438a-a061-36d2cf2dbbec',NULL),('b9161a63-fa02-4b46-a0a0-17a12fdf04b3',3,3,'0e992924-615c-438a-a061-36d2cf2dbbec',NULL),('ee3c785c-e1fa-48f5-83f9-ce27340cb646',2,1,'0e992924-615c-438a-a061-36d2cf2dbbec',0),('0f790c14-a6a9-4e12-894d-57147bf16829',1,1,'0e992924-615c-438a-a061-36d2cf2dbbec',0),('09553757-8052-49a9-a556-83c158e7b40d',4,3,'0e992924-615c-438a-a061-36d2cf2dbbec',0),('5f3198a7-6111-40f1-b068-2c2d515b23f8',5,2,'0e992924-615c-438a-a061-36d2cf2dbbec',NULL),('fcee8a8a-e1b7-4096-bfe5-2652a3ef28a1',4,1,'0e992924-615c-438a-a061-36d2cf2dbbec',NULL),('80c7c6a8-ae95-4224-b51f-ba4f6cec86cb',1,1,'0e992924-615c-438a-a061-36d2cf2dbbec',NULL),('0a3bc241-6292-4bbb-85f1-93385911b908',5,1,'0e992924-615c-438a-a061-36d2cf2dbbec',0),('e3beec39-8221-4ab2-9be9-38cfe9b2e1e8',4,3,'0e992924-615c-438a-a061-36d2cf2dbbec',NULL),('6c373caa-8475-4579-a44a-eba47bc80ce1',3,1,'0e992924-615c-438a-a061-36d2cf2dbbec',0),('d34457cc-2fab-40dc-9016-446e48ae11b5',1,1,'0e992924-615c-438a-a061-36d2cf2dbbec',NULL),('24f8ee04-1cfe-4d35-9f4f-79047ef39b83',1,1,'0e992924-615c-438a-a061-36d2cf2dbbec',0),('0d5a0cee-73b8-4b81-8e5d-5d380b13d94c',2,2,'0e992924-615c-438a-a061-36d2cf2dbbec',NULL),('13b205c5-9f38-4bc1-9e53-21d66c25236c',5,1,'0e992924-615c-438a-a061-36d2cf2dbbec',NULL),('059a2c9c-7638-4ef8-8c13-e20dcef3a02d',1,1,'0e992924-615c-438a-a061-36d2cf2dbbec',NULL),('ff495605-9031-4926-bcb2-640dfe40035b',1,1,'0e992924-615c-438a-a061-36d2cf2dbbec',0),('ba91a9cd-afc5-4fda-82ba-06931b04c561',5,1,'0e992924-615c-438a-a061-36d2cf2dbbec',0);
/*!40000 ALTER TABLE `roll` ENABLE KEYS */;
UNLOCK TABLES;

--
-- Dumping data for table `simulation`
--

LOCK TABLES `simulation` WRITE;
/*!40000 ALTER TABLE `simulation` DISABLE KEYS */;
INSERT INTO `simulation` VALUES ('fa5a2d45-ab82-466b-9301-39de35de24d9','Dry Simulation',2,0,1),('e01ead2b-0a6f-42e7-a5e0-bef0ce6b8c71','Dry Simulation 2',2,0,1),('d02d31a2-ab8b-4cb1-99ea-27d9e8b9ef22','Dry Simulation 3',2,0,1);
/*!40000 ALTER TABLE `simulation` ENABLE KEYS */;
UNLOCK TABLES;

--
-- Dumping data for table `simulation_player`
--

LOCK TABLES `simulation_player` WRITE;
/*!40000 ALTER TABLE `simulation_player` DISABLE KEYS */;
INSERT INTO `simulation_player` VALUES ('fa5a2d45-ab82-466b-9301-39de35de24d9',1),('fa5a2d45-ab82-466b-9301-39de35de24d9',2),('e01ead2b-0a6f-42e7-a5e0-bef0ce6b8c71',1),('e01ead2b-0a6f-42e7-a5e0-bef0ce6b8c71',2),('d02d31a2-ab8b-4cb1-99ea-27d9e8b9ef22',1),('d02d31a2-ab8b-4cb1-99ea-27d9e8b9ef22',2);
/*!40000 ALTER TABLE `simulation_player` ENABLE KEYS */;
UNLOCK TABLES;
/*!40103 SET TIME_ZONE=@OLD_TIME_ZONE */;

/*!40101 SET SQL_MODE=@OLD_SQL_MODE */;
/*!40014 SET FOREIGN_KEY_CHECKS=@OLD_FOREIGN_KEY_CHECKS */;
/*!40014 SET UNIQUE_CHECKS=@OLD_UNIQUE_CHECKS */;
/*!40101 SET CHARACTER_SET_CLIENT=@OLD_CHARACTER_SET_CLIENT */;
/*!40101 SET CHARACTER_SET_RESULTS=@OLD_CHARACTER_SET_RESULTS */;
/*!40101 SET COLLATION_CONNECTION=@OLD_COLLATION_CONNECTION */;
/*!40111 SET SQL_NOTES=@OLD_SQL_NOTES */;

-- Dump completed on 2022-02-12 16:14:45
